Season,Team,W,L,Win Rate,OBP,SLG,ERA
2025,ARI,11,7,0.611111111,0.345679012,0.453371592,0.5218867494612494
2024,ARI,89,73,0.549382716,0.337285691,0.44005795,0.6481174078151664
2023,ARI,84,78,0.518518519,0.321663379,0.408204562,0.6067684131772335
2022,ARI,74,88,0.456790123,0.304238985,0.385161652,0.5408644931048654
2021,ARI,52,110,0.320987654,0.309102815,0.382401165,0.7988130956993504
2020,ARI,25,35,0.416666667,0.31247206,0.391086629,0.7108085596568072
2019,ARI,85,77,0.524691358,0.322934903,0.434404402,0.5381289533169982
2018,ARI,82,80,0.50617284,0.309792381,0.397435897,0.3891409944956874
2017,ARI,93,69,0.574074074,0.329398447,0.444705882,0.3731481092321134
2016,ARI,69,93,0.425925926,0.32046332,0.431774051,0.7819198893979586
2015,ARI,79,83,0.487654321,0.323807994,0.41440963,0.4819297712561901
2014,ARI,64,98,0.395061728,0.301874274,0.375720461,0.5412670807075526
2013,ARI,81,81,0.5,0.323196943,0.391472868,0.4442037305533528
2012,ARI,81,81,0.5,0.327911943,0.418161845,0.450909980148465
2011,ARI,94,68,0.580246914,0.322361892,0.413207895,0.40916655863992
2010,ARI,65,97,0.401234568,0.324649951,0.415676959,0.7003172723941931
2025,ATH,8,10,0.444444444,0.313451776,0.42976356,0.6357456435809241
2025,ATL,5,13,0.277777778,0.306756756,0.378582202,0.6003115881499088
2024,ATL,89,73,0.549382716,0.309417779,0.415070242,0.3193354766804115
2023,ATL,104,58,0.641975309,0.343955164,0.500804002,0.5071407531953263
2022,ATL,101,61,0.62345679,0.317382009,0.443456162,0.3107262545048727
2021,ATL,88,73,0.546583851,0.319329126,0.435017713,0.4363417864249403
2020,ATL,35,25,0.583333333,0.349125053,0.482642237,0.6008707519953933
2019,ATL,97,65,0.598765432,0.336467963,0.452158273,0.5251882975756974
2018,ATL,90,72,0.555555556,0.324089003,0.417413113,0.3955912036645639
2017,ATL,72,90,0.444444444,0.326023391,0.412428366,0.6751548601764512
2016,ATL,68,93,0.422360248,0.320711604,0.384294523,0.6136758732680561
2015,ATL,67,95,0.413580247,0.314448541,0.359409594,0.5867221137586895
2014,ATL,79,83,0.487654321,0.304658901,0.360095098,0.2898959928691559
2013,ATL,96,66,0.592592593,0.321258027,0.401764381,0.2304545069060848
2012,ATL,94,68,0.580246914,0.319828722,0.389124423,0.3000043881964915
2011,ATL,89,73,0.549382716,0.30821018,0.387120115,0.3192096244564413
2010,ATL,91,71,0.561728395,0.338994015,0.400878638,0.3437458969463423
2025,BAL,7,10,0.411764706,0.305785123,0.420890937,0.59406499614906
2024,BAL,91,71,0.561728395,0.315328467,0.435423028,0.4515388538208811
2023,BAL,101,61,0.62345679,0.320708312,0.420928116,0.440633702802276
2022,BAL,83,79,0.512345679,0.305090366,0.390311291,0.4602199737452803
2021,BAL,52,110,0.320987654,0.303670186,0.401660516,1.0
2020,BAL,25,35,0.416666667,0.320610687,0.429417571,0.6149193248711076
2019,BAL,54,108,0.333333333,0.310087577,0.414581844,0.9485306241109644
2018,BAL,47,115,0.290123457,0.29828932,0.390956963,0.8100117433208478
2017,BAL,75,87,0.462962963,0.311796377,0.435044247,0.747450704045713
2016,BAL,89,73,0.549382716,0.317028985,0.44333816,0.5300981741452895
2015,BAL,81,81,0.5,0.307216839,0.42060164,0.482652796679704
2014,BAL,96,66,0.592592593,0.31123872,0.422265904,0.3051903430689117
2013,BAL,85,77,0.524691358,0.312571521,0.430960854,0.5250296143502242
2012,BAL,93,69,0.574074074,0.311274509,0.41708633,0.4376036166891157
2011,BAL,69,93,0.425925926,0.316046966,0.412891674,0.7328773651969864
2010,BAL,66,96,0.407407407,0.315616258,0.386208138,0.6383658675048471
2025,BOS,10,10,0.5,0.326315789,0.397368421,0.5141001539916441
2024,BOS,81,81,0.5,0.318615558,0.422628653,0.4824653504297458
2023,BOS,78,84,0.481481481,0.324016899,0.424307802,0.6170261644760446
2022,BOS,78,84,0.481481481,0.321044045,0.409460191,0.621552674351517
2021,BOS,92,70,0.567901235,0.328477905,0.448953594,0.5467122830605913
2020,BOS,24,36,0.4,0.330434782,0.445031204,0.9233548874838278
2019,BOS,84,78,0.518518519,0.339841933,0.465857885,0.668878050885755
2018,BOS,108,54,0.666666667,0.338840349,0.453494575,0.3958873336563357
2017,BOS,93,69,0.574074074,0.329435929,0.406597283,0.390876010439841
2016,BOS,93,69,0.574074074,0.348439233,0.461199294,0.4677904149072478
2015,BOS,78,84,0.481481481,0.325330325,0.414539007,0.5647368228255985
2014,BOS,71,91,0.438271605,0.315501127,0.368582237,0.4703412750427651
2013,BOS,97,65,0.598765432,0.349228832,0.446115731,0.4082736494828554
2012,BOS,69,93,0.425925926,0.315068493,0.414882226,0.6753809164688314
2011,BOS,90,72,0.555555556,0.34877896,0.460770577,0.5249903517012784
2010,BOS,89,73,0.549382716,0.339076825,0.450938717,0.5219838099821943
2025,CHC,12,9,0.571428571,0.345612134,0.461728395,0.5064593804587383
2024,CHC,83,79,0.512345679,0.317153164,0.393126263,0.4067068637763176
2023,CHC,83,79,0.512345679,0.329840399,0.420784883,0.4947569413595365
2022,CHC,74,88,0.456790123,0.311302048,0.386543778,0.475373668814669
2021,CHC,71,91,0.438271605,0.311804384,0.407463249,0.7211116483556808
2020,CHC,34,26,0.566666667,0.317811934,0.386861313,0.4656706945552016
2019,CHC,84,78,0.518518519,0.33127839,0.45193188,0.4964959734045342
2018,CHC,95,68,0.582822086,0.333175205,0.410384068,0.3653884859703111
2017,CHC,92,70,0.567901235,0.337933247,0.437227074,0.4545173986765018
2016,CHC,103,58,0.639751553,0.343452002,0.428675268,0.2228245623290105
2015,CHC,97,65,0.598765432,0.321388033,0.398105991,0.2838964711295318
2014,CHC,73,89,0.450617284,0.299586435,0.38453159,0.4456024393576252
2013,CHC,66,96,0.407407407,0.300464037,0.392142597,0.4665286692710573
2012,CHC,61,101,0.37654321,0.301603375,0.377933838,0.6137260369109339
2011,CHC,71,91,0.438271605,0.314271588,0.400792935,0.5660873363896797
2010,CHC,75,87,0.462962963,0.319624938,0.401487663,0.5369810812208327
2025,CHW,4,13,0.235294118,0.266479663,0.297045101,0.4766497053063794
2024,CHW,41,121,0.25308642,0.277872777,0.33995913,0.6608919852554382
2023,CHW,61,101,0.37654321,0.291491861,0.383748409,0.7205637303302459
2022,CHW,81,81,0.5,0.310463402,0.387096774,0.4488813460349099
2021,CHW,93,69,0.574074074,0.336138613,0.42225126,0.3886142730237762
2020,CHW,35,25,0.583333333,0.325673884,0.45334636,0.4123042638303991
2019,CHW,72,89,0.447204969,0.314238134,0.413998914,0.7284541395255382
2018,CHW,62,100,0.382716049,0.301521667,0.401412275,0.7117382011132982
2017,CHW,67,95,0.413580247,0.31363108,0.417195719,0.6921462429895571
2016,CHW,78,84,0.481481481,0.317273025,0.409909909,0.5016471697528464
2015,CHW,76,86,0.469135802,0.306342109,0.380083137,0.462829432085069
2014,CHW,73,89,0.450617284,0.30983823,0.398340248,0.5531012615441253
2013,CHW,63,99,0.388888889,0.302179656,0.378213194,0.4663354202814587
2012,CHW,85,77,0.524691358,0.318256578,0.421891989,0.473768421373284
2011,CHW,79,83,0.487654321,0.318650728,0.387677208,0.4961387128802836
2010,CHW,88,74,0.543209877,0.331740276,0.419948942,0.4947490391675164
2025,CIN,9,9,0.5,0.307692307,0.366568914,0.1775902690904129
2024,CIN,77,85,0.475308642,0.304654679,0.388169014,0.4935516679678551
2023,CIN,82,80,0.50617284,0.326910621,0.419530823,0.7076722544620535
2022,CIN,62,100,0.382716049,0.303508477,0.372304832,0.7160398385776034
2021,CIN,83,79,0.512345679,0.328109696,0.431311082,0.5859742302258184
2020,CIN,31,29,0.516666667,0.312116925,0.402823018,0.4366530550686958
2019,CIN,75,87,0.462962963,0.314808707,0.421651376,0.5196185417397006
2018,CIN,67,95,0.413580247,0.327572282,0.401482284,0.6556745771347323
2017,CIN,68,94,0.419753086,0.328898263,0.432530999,0.8038036586325494
2016,CIN,68,94,0.419753086,0.315990057,0.407873154,0.7302727224213124
2015,CIN,64,98,0.395061728,0.312245893,0.393825166,0.5675742706626632
2014,CIN,76,86,0.469135802,0.29649093,0.364967562,0.3479696293611929
2013,CIN,90,72,0.555555556,0.327263938,0.390798326,0.2898649078884318
2012,CIN,97,65,0.598765432,0.315292949,0.410626255,0.2787451665283007
2011,CIN,79,83,0.487654321,0.32576,0.40787598,0.5129377667569259
2010,CIN,91,71,0.561728395,0.338478855,0.435920415,0.4732742111018093
2025,CLE,9,8,0.529411765,0.3119891,0.395348837,0.444003178637445
2024,CLE,92,69,0.571428571,0.307483914,0.395291902,0.3537263116503826
2023,CLE,76,86,0.469135802,0.313167844,0.381461998,0.458943651478825
2022,CLE,92,70,0.567901235,0.3160723,0.382511694,0.3159413127518005
2021,CLE,80,82,0.49382716,0.303483432,0.406976744,0.5655433731235997
2020,CLE,35,25,0.583333333,0.316800714,0.372128637,0.2632558378390012
2019,CLE,93,69,0.574074074,0.323307034,0.432258064,0.4080682085502065
2018,CLE,91,71,0.561728395,0.331739199,0.434316353,0.4022143971783971
2017,CLE,102,60,0.62962963,0.338647342,0.449283251,0.267196034928879
2016,CLE,94,67,0.583850932,0.329033311,0.42961342,0.425850100820627
2015,CLE,81,80,0.50310559,0.324533905,0.400625114,0.3756828661556477
2014,CLE,85,77,0.524691358,0.317179902,0.388699551,0.3446208652140337
2013,CLE,92,70,0.567901235,0.326703619,0.409881061,0.4142830997438209
2012,CLE,68,94,0.419753086,0.323567497,0.381357466,0.6943070873973807
2011,CLE,80,82,0.49382716,0.317296678,0.396442185,0.5372418909460464
2010,CLE,69,93,0.425925926,0.321585903,0.378348824,0.5527747718240075
2025,COL,3,15,0.166666667,0.289586305,0.351735015,0.8403912764461654
2024,COL,61,101,0.37654321,0.303681492,0.400256692,0.8945275044400809
2023,COL,59,103,0.364197531,0.310110872,0.404657933,0.9526902162734558
2022,COL,68,94,0.419753086,0.315392189,0.397653429,0.7777498316926843
2021,COL,74,87,0.459627329,0.316663869,0.414402679,0.7053246367147046
2020,COL,26,34,0.433333333,0.311081441,0.404958677,0.9260783998181088
2019,COL,71,91,0.438271605,0.326222935,0.45565371,0.9224507176709338
2018,COL,91,72,0.558282209,0.322033898,0.435300487,0.563080304862881
2017,COL,87,75,0.537037037,0.33773216,0.44362125,0.6154941148915787
2016,COL,75,87,0.462962963,0.336137172,0.457427858,0.7319293269566303
2015,COL,68,94,0.419753086,0.31524805,0.432340272,0.7676341447081809
2014,COL,66,96,0.407407407,0.326945126,0.445117605,0.7139701255149744
2013,COL,74,88,0.456790123,0.322654838,0.418467583,0.5935280893578987
2012,COL,64,98,0.395061728,0.329727958,0.436435359,0.8176501318862672
2011,COL,73,89,0.450617284,0.329193548,0.409812409,0.5939721580910287
2010,COL,83,79,0.512345679,0.33564181,0.42477396,0.50728564946853
2025,DET,10,8,0.555555556,0.323232323,0.395149786,0.3268399226392093
2024,DET,86,76,0.530864198,0.299617368,0.385336273,0.3598002787222989
2023,DET,78,84,0.481481481,0.304813715,0.381526104,0.5375738586394958
2022,DET,66,96,0.407407407,0.286348122,0.345667534,0.4785506576559739
2021,DET,77,85,0.475308642,0.307550335,0.399181547,0.5589199006499288
2020,DET,23,35,0.396551724,0.303424987,0.396724775,0.9372628721372158
2019,DET,47,114,0.291925466,0.293864013,0.38817805,0.8296401937229998
2018,DET,64,98,0.395061728,0.300299301,0.379504914,0.6394822207227173
2017,DET,64,98,0.395061728,0.32420984,0.42386609,0.8595791152329173
2016,DET,86,75,0.534161491,0.330932896,0.438110749,0.5371335649341364
2015,DET,74,87,0.459627329,0.32773794,0.42016057,0.651907681043767
2014,DET,90,72,0.555555556,0.330851408,0.426110124,0.4706941007036591
2013,DET,93,69,0.574074074,0.345972309,0.434350479,0.3557011022542822
2012,DET,88,74,0.543209877,0.334538878,0.422388604,0.4007284763565297
2011,DET,95,67,0.586419753,0.339750849,0.433579004,0.4801289635892081
2010,DET,81,81,0.5,0.335193749,0.415204678,0.550243955175362
2011,FLA,72,90,0.444444444,0.317597265,0.388344226,0.4537720143894457
2010,FLA,80,82,0.49382716,0.32101579,0.402639667,0.4940991438044948
2025,HOU,8,10,0.444444444,0.303112313,0.334351145,0.3897000897749008
2024,HOU,88,73,0.546583851,0.322278771,0.418444846,0.3960959209383106
2023,HOU,90,72,0.555555556,0.331192807,0.436680438,0.450711807369601
2022,HOU,106,56,0.654320988,0.319423745,0.423923091,0.1492969389423885
2021,HOU,95,67,0.586419753,0.339012738,0.444484176,0.4096991839903834
2020,HOU,29,31,0.483333333,0.312162162,0.407630522,0.5571502571064215
2019,HOU,107,55,0.660493827,0.352452593,0.495456974,0.3701245534711597
2018,HOU,103,59,0.635802469,0.329196603,0.425270493,0.2114784452626179
2017,HOU,101,61,0.62345679,0.345544712,0.477811441,0.5021941997017003
2016,HOU,84,78,0.518518519,0.318601262,0.416591523,0.4861692584935877
2015,HOU,86,76,0.530864198,0.315188616,0.436526836,0.3443556156907952
2014,HOU,70,92,0.432098765,0.309464611,0.382595924,0.5082456299075839
2013,HOU,51,111,0.314814815,0.298844801,0.375481033,0.6962228022716774
2012,HOU,55,107,0.339506173,0.301611278,0.371370445,0.6304121211990139
2011,HOU,56,106,0.345679012,0.310588622,0.373704894,0.6142966833795236
2010,HOU,76,86,0.469135802,0.302917861,0.362068965,0.493279957256171
2025,KCR,8,11,0.421052632,0.279393173,0.307692307,0.2758228851607844
2024,KCR,86,76,0.530864198,0.306245802,0.403431101,0.3973082421647231
2023,KCR,56,106,0.345679012,0.302781501,0.397568165,0.8039079644388594
2022,KCR,65,97,0.401234568,0.306395057,0.379621114,0.6738504023461758
2021,KCR,74,88,0.456790123,0.306465155,0.395614519,0.6524467105343985
2020,KCR,26,34,0.433333333,0.308500914,0.402414486,0.5539053510711329
2019,KCR,59,103,0.364197531,0.309102924,0.400836972,0.8144867039536767
2018,KCR,58,104,0.358024691,0.305348567,0.39164396,0.7401557788505251
2017,KCR,80,82,0.49382716,0.311418109,0.419617052,0.6497644444110975
2016,KCR,81,81,0.5,0.312156993,0.400036023,0.5287501103493959
2015,KCR,95,67,0.586419753,0.321769154,0.412197309,0.3919204824659468
2014,KCR,89,73,0.549382716,0.31352697,0.376014427,0.324983743992367
2013,KCR,86,76,0.530864198,0.314946325,0.378626779,0.3087066538733052
2012,KCR,72,90,0.444444444,0.316511513,0.399929027,0.5532199401640003
2011,KCR,71,91,0.438271605,0.328663446,0.415021156,0.5961011235723432
2010,KCR,67,95,0.413580247,0.331007626,0.399357601,0.7481612864782698
2025,LAA,9,8,0.529411765,0.283765347,0.410447761,0.6724984006373897
2024,LAA,63,99,0.388888889,0.301174496,0.369423184,0.6306131888183097
2023,LAA,73,89,0.450617284,0.316862361,0.426124977,0.6517357122588847
2022,LAA,73,89,0.450617284,0.297092925,0.390189931,0.405978419327399
2021,LAA,77,85,0.475308642,0.309774436,0.406842008,0.6666102229405435
2020,LAA,26,34,0.433333333,0.332319721,0.430198019,0.7810605636380219
2019,LAA,72,90,0.444444444,0.32403399,0.421869361,0.7889347208519615
2018,LAA,80,82,0.49382716,0.313217448,0.413011695,0.5111566821988931
2017,LAA,80,82,0.49382716,0.314998348,0.397229916,0.5245885963704724
2016,LAA,74,88,0.456790123,0.321892702,0.404529552,0.5483391267478774
2015,LAA,85,77,0.524691358,0.306554621,0.395791028,0.4507906560092511
2014,LAA,98,64,0.604938272,0.322147651,0.406050955,0.3469100648554011
2013,LAA,78,84,0.481481481,0.328941025,0.414459556,0.5371664290925204
2012,LAA,89,73,0.549382716,0.331631812,0.432803468,0.4728840273855155
2011,LAA,86,76,0.530864198,0.312520702,0.401959005,0.3434232358022628
2010,LAA,80,82,0.49382716,0.311269237,0.390306122,0.479782764535988
2025,LAD,14,6,0.7,0.31552795,0.426760563,0.4284557237983972
2024,LAD,98,64,0.604938272,0.334829299,0.446396233,0.4432750757614165
2023,LAD,100,62,0.617283951,0.34024043,0.454742939,0.4839916215170394
2022,LAD,111,51,0.685185185,0.333386735,0.441730003,0.1208338741355808
2021,LAD,106,56,0.654320988,0.329788947,0.429017447,0.1883280966363646
2020,LAD,43,17,0.716666667,0.337802768,0.482859941,0.1863521561518901
2019,LAD,106,56,0.654320988,0.337616447,0.472055343,0.29260237592682
2018,LAD,92,71,0.564417178,0.33264757,0.441672648,0.2935944466189001
2017,LAD,104,58,0.641975309,0.334469881,0.436760355,0.2896891877503313
2016,LAD,91,71,0.561728395,0.319256481,0.408843783,0.3822560502421166
2015,LAD,92,70,0.567901235,0.326101358,0.412627669,0.310539633270629
2014,LAD,94,68,0.580246914,0.332524664,0.405755395,0.2958550978084036
2013,LAD,92,70,0.567901235,0.326086956,0.396284829,0.2519099524209743
2012,LAD,86,76,0.530864198,0.316525212,0.373666789,0.2809611673885763
2011,LAD,82,79,0.50931677,0.321819993,0.375091979,0.3417706970171872
2010,LAD,80,82,0.49382716,0.321552436,0.378916328,0.4715873286896457
2025,MIA,8,9,0.470588235,0.326873385,0.380403458,0.619951004503082
2024,MIA,62,100,0.382716049,0.299784089,0.37776168,0.6825482148842763
2023,MIA,84,78,0.518518519,0.316375727,0.404766236,0.5290830389868444
2022,MIA,69,93,0.425925926,0.294256358,0.363484708,0.4299711085343245
2021,MIA,67,95,0.413580247,0.298489733,0.37210172,0.4548990197720817
2020,MIA,31,29,0.516666667,0.318518518,0.384496124,0.7144878982052565
2019,MIA,57,105,0.351851852,0.298353567,0.374637155,0.6795111816363362
2018,MIA,63,98,0.391304348,0.302794774,0.356596209,0.6871139848523053
2017,MIA,77,85,0.475308642,0.330858618,0.430560514,0.7026569460238681
2016,MIA,79,82,0.49068323,0.322214919,0.394267171,0.4823815372836022
2015,MIA,71,91,0.438271605,0.309954368,0.383671975,0.4780228724154387
2014,MIA,77,85,0.475308642,0.316538524,0.377573131,0.4073026378045989
2013,MIA,62,100,0.382716049,0.292637933,0.334556799,0.3842435907241113
2012,MIA,69,93,0.425925926,0.307871914,0.382012139,0.4975893044760033
2025,MIL,10,9,0.526315789,0.299354838,0.368723098,0.5986977959839037
2024,MIL,93,69,0.574074074,0.325581395,0.402960526,0.3659027141397539
2023,MIL,92,70,0.567901235,0.319229502,0.385072409,0.3896519549652149
2022,MIL,86,76,0.530864198,0.315496645,0.408528705,0.4179086851983473
2021,MIL,95,67,0.586419753,0.317081205,0.39612085,0.3226584714761544
2020,MIL,29,31,0.483333333,0.313357731,0.3890625,0.5180196500273528
2019,MIL,89,73,0.549382716,0.329087724,0.438289426,0.5837476144449596
2018,MIL,96,67,0.588957055,0.322596309,0.424395525,0.3906113781164588
2017,MIL,86,76,0.530864198,0.322172985,0.429120175,0.4665934868707506
2016,MIL,73,89,0.450617284,0.322231473,0.406754221,0.4955794120912109
2015,MIL,68,94,0.419753086,0.306854365,0.393248175,0.5474355453353221
2014,MIL,82,80,0.50617284,0.31059216,0.397107286,0.3717234581816306
2013,MIL,74,88,0.456790123,0.310506096,0.397515527,0.4204569168079537
2012,MIL,83,79,0.512345679,0.324983734,0.436566492,0.5316100240074499
2011,MIL,96,66,0.592592593,0.32498341,0.425004589,0.3636652920947261
2010,MIL,77,85,0.475308642,0.334716017,0.423831608,0.6377155037906901
2025,MIN,7,12,0.368421053,0.283093053,0.341534008,0.3928887607570401
2024,MIN,82,80,0.50617284,0.315169366,0.410928961,0.5428721634308293
2023,MIN,87,75,0.537037037,0.325761237,0.427582437,0.4299362713610992
2022,MIN,78,84,0.481481481,0.317273025,0.400840029,0.4627114473811085
2021,MIN,73,89,0.450617284,0.314106789,0.423494752,0.7071991788195802
2020,MIN,36,24,0.6,0.315327793,0.427465152,0.34553818162728
2019,MIN,101,61,0.62345679,0.337513716,0.494068387,0.5200292228398737
2018,MIN,78,84,0.481481481,0.31784841,0.404994571,0.6121849939728339
2017,MIN,85,77,0.524691358,0.334081796,0.433687241,0.6404788062980071
2016,MIN,59,103,0.364197531,0.316178835,0.421324314,0.7814061379797439
2015,MIN,83,79,0.512345679,0.305328211,0.399122004,0.4884889713088958
2014,MIN,70,92,0.432098765,0.32361469,0.389078498,0.6341742791031502
2013,MIN,66,96,0.407407407,0.312408995,0.379942487,0.6273796301490666
2012,MIN,66,96,0.407407407,0.324805699,0.39032722,0.6884906055791984
2011,MIN,63,99,0.388888889,0.306228084,0.35994168,0.6392501064572966
2010,MIN,94,68,0.580246914,0.34073002,0.421515804,0.4539040421110105
2025,NYM,11,7,0.611111111,0.301935483,0.388969521,0.0
2024,NYM,89,73,0.549382716,0.319083224,0.41506352,0.4548719109368482
2023,NYM,75,87,0.462962963,0.316260566,0.407234756,0.5526930160147092
2022,NYM,101,61,0.62345679,0.332087733,0.411914738,0.3478275406524107
2021,NYM,77,85,0.475308642,0.314668498,0.390595009,0.4373741793303751
2020,NYM,26,34,0.433333333,0.348112379,0.459218981,0.7597647124742672
2019,NYM,86,76,0.530864198,0.328329607,0.44185633,0.5397027544491233
2018,NYM,77,85,0.475308642,0.312408521,0.388624725,0.4884984079811867
2017,NYM,70,92,0.432098765,0.320397847,0.43430127,0.7591965575000132
2016,NYM,87,75,0.537037037,0.316005922,0.416559809,0.3472556988208106
2015,NYM,90,72,0.555555556,0.311856091,0.400036185,0.309606373654664
2014,NYM,79,83,0.487654321,0.308248439,0.364400584,0.3213285025188181
2013,NYM,74,88,0.456790123,0.305654858,0.366073034,0.4055409376910652
2012,NYM,74,88,0.456790123,0.315684647,0.385688073,0.4940455291928713
2011,NYM,77,85,0.475308642,0.33476874,0.390714285,0.5220444243407334
2010,NYM,79,83,0.487654321,0.314497528,0.382616651,0.3893946429141397
2025,NYY,11,7,0.611111111,0.345341614,0.461428571,0.5295251986077667
2024,NYY,94,68,0.580246914,0.332851637,0.428623853,0.3985666500201232
2023,NYY,82,80,0.50617284,0.303706188,0.397332331,0.4587844247536468
2022,NYY,99,63,0.611111111,0.324719648,0.426226484,0.2671261950344645
2021,NYY,92,70,0.567901235,0.322367333,0.406865503,0.399005226611518
2020,NYY,33,27,0.55,0.341640235,0.446997389,0.5684248145012218
2019,NYY,103,59,0.635802469,0.338626884,0.489879992,0.5567764239833419
2018,NYY,100,62,0.617283951,0.329180642,0.45149592,0.4029608619872422
2017,NYY,91,71,0.561728395,0.338546603,0.446549874,0.3943983948073049
2016,NYY,84,78,0.518518519,0.31440903,0.40509344,0.515062494959118
2015,NYY,87,75,0.537037037,0.32285989,0.420873001,0.476681950633032
2014,NYY,84,78,0.518518519,0.306840713,0.380025468,0.3947486631384629
2013,NYY,85,77,0.524691358,0.306924101,0.375848779,0.450934145350979
2012,NYY,95,67,0.586419753,0.336935483,0.453113685,0.4255939749898321
2011,NYY,97,65,0.598765432,0.34338118,0.444182674,0.390799981482248
2010,NYY,95,67,0.586419753,0.349826662,0.435961918,0.4836377737826065
2024,OAK,69,93,0.425925926,0.301413133,0.392673048,0.5748852561127722
2023,OAK,50,112,0.308641975,0.298482293,0.370363396,0.895009377428823
2022,OAK,60,102,0.37037037,0.280698749,0.345690628,0.6221912912135614
2021,OAK,86,76,0.530864198,0.31657631,0.405931417,0.4731533558253959
2020,OAK,36,24,0.6,0.321509777,0.396226415,0.4019219880493676
2019,OAK,97,65,0.598765432,0.327211753,0.448300665,0.4584766231554484
2018,OAK,97,65,0.598765432,0.325332053,0.4391468,0.4154945925007727
2017,OAK,75,87,0.462962963,0.319371727,0.435761346,0.6614189880295094
2016,OAK,69,93,0.425925926,0.304043934,0.394727272,0.6158073843364724
2015,OAK,68,94,0.419753086,0.312042905,0.395,0.5140597078661495
2014,OAK,88,74,0.543209877,0.319620761,0.380703336,0.243586764326152
2013,OAK,96,66,0.592592593,0.32659987,0.418764716,0.3401294609221961
2012,OAK,94,68,0.580246914,0.310266406,0.403654785,0.3222849740275959
2011,OAK,74,88,0.456790123,0.311305207,0.368672046,0.3843965361437174
2010,OAK,81,81,0.5,0.324386629,0.377936857,0.3474435238657849
2025,PHI,10,8,0.555555556,0.342105263,0.398852223,0.5143438685265833
2024,PHI,95,67,0.586419753,0.325150382,0.424647632,0.425849268790567
2023,PHI,90,72,0.555555556,0.327087707,0.437827107,0.4764463174941846
2022,PHI,87,75,0.537037037,0.316639209,0.422125181,0.4605977990422565
2021,PHI,82,80,0.50617284,0.317715231,0.40849795,0.5799031681466633
2020,PHI,28,32,0.466666667,0.341760722,0.439425051,0.812462118485425
2019,PHI,81,81,0.5,0.31940874,0.426673846,0.6208025962259145
2018,PHI,80,82,0.49382716,0.313995411,0.392514749,0.5096428578354966
2017,PHI,66,96,0.407407407,0.314626963,0.408852755,0.630481174454762
2016,PHI,71,91,0.438271605,0.300706357,0.384615384,0.652188185555171
2015,PHI,63,99,0.388888889,0.302550425,0.381624163,0.6672518818568371
2014,PHI,73,89,0.450617284,0.302052785,0.363376762,0.4117299539293202
2013,PHI,73,89,0.450617284,0.306362262,0.383797653,0.5643453335674926
2012,PHI,81,81,0.5,0.316557377,0.399531024,0.4263628113993687
2011,PHI,102,60,0.62962963,0.322601416,0.394694389,0.1858359917892198
2010,PHI,97,65,0.598765432,0.331999359,0.41336678,0.3762521323726822
2025,PIT,7,12,0.368421053,0.286419753,0.317548746,0.4736538595186077
2024,PIT,76,86,0.469135802,0.301202834,0.371188606,0.5172578270140225
2023,PIT,76,86,0.469135802,0.31453076,0.391971883,0.6442268119327907
2022,PIT,62,100,0.382716049,0.29119294,0.363721628,0.6581199812342362
2021,PIT,61,101,0.37654321,0.309023693,0.364130434,0.7784151843707743
2020,PIT,19,41,0.316666667,0.283764705,0.357142857,0.6646617370950423
2019,PIT,69,93,0.425925926,0.321249393,0.420187378,0.80967200316884
2018,PIT,82,79,0.50931677,0.317307692,0.407196621,0.468729105601255
2017,PIT,75,87,0.462962963,0.318069916,0.385672407,0.5335883379844151
2016,PIT,78,83,0.48447205,0.332475884,0.40166005,0.5323384137980656
2015,PIT,98,64,0.604938272,0.323368691,0.395666844,0.2445796476004642
2014,PIT,88,74,0.543209877,0.329713081,0.404443641,0.3210539634210632
2013,PIT,94,68,0.580246914,0.313405797,0.395916879,0.2583520880688614
2012,PIT,79,83,0.487654321,0.30376344,0.395048041,0.4421283428684552
2011,PIT,72,90,0.444444444,0.308617234,0.367644346,0.4815719470243627
2010,PIT,57,105,0.351851852,0.304142011,0.373375417,0.7570092310314227
2025,SDP,15,4,0.789473684,0.344072164,0.419308357,0.0515324398819195
2024,SDP,93,69,0.574074074,0.324493493,0.420014477,0.4266202434902659
2023,SDP,82,80,0.50617284,0.329163281,0.413256804,0.3911434452021403
2022,SDP,89,73,0.549382716,0.31789371,0.381675201,0.4127598423863872
2021,SDP,79,83,0.487654321,0.321211123,0.401188707,0.4955301256508371
2020,SDP,37,23,0.616666667,0.332732191,0.465517241,0.4313464232642636
2019,SDP,70,92,0.432098765,0.307640862,0.409942496,0.649613754065465
2018,SDP,66,96,0.407407407,0.297310756,0.38005833,0.5857793398008468
2017,SDP,71,91,0.438271605,0.298881735,0.393390589,0.6689828033926846
2016,SDP,68,94,0.419753086,0.298892988,0.390293412,0.5953790153653513
2015,SDP,74,88,0.456790123,0.300083822,0.384826827,0.4942622733275343
2014,SDP,77,85,0.475308642,0.292065663,0.341896486,0.25770501106549
2013,SDP,76,86,0.469135802,0.307742998,0.377922784,0.4609887971776363
2012,SDP,76,86,0.469135802,0.319391634,0.379933603,0.4718080009859082
2011,SDP,71,91,0.438271605,0.304839514,0.348532398,0.3026535091601056
2010,SDP,90,72,0.555555556,0.317402768,0.371365476,0.2961257852279448
2025,SEA,9,9,0.5,0.31710362,0.383285302,0.4038204657759157
2024,SEA,85,77,0.524691358,0.311022971,0.37598499,0.3211488333255192
2023,SEA,88,74,0.543209877,0.321336346,0.412545454,0.3921127546808527
2022,SEA,90,72,0.555555556,0.314660114,0.389581395,0.349047824389161
2021,SEA,90,72,0.555555556,0.302767589,0.384873949,0.5536743479346136
2020,SEA,27,33,0.45,0.308539944,0.369621565,0.7655006159418787
2019,SEA,68,94,0.419753086,0.315542616,0.424,0.7545142129686959
2018,SEA,89,73,0.549382716,0.314172447,0.408126247,0.5035889168453198
2017,SEA,78,84,0.481481481,0.325312957,0.423527292,0.5986834760534325
2016,SEA,86,76,0.530864198,0.326346339,0.42987641,0.4665347854779096
2015,SEA,76,86,0.469135802,0.310684391,0.411075036,0.5149863714551033
2014,SEA,87,75,0.537037037,0.3003367,0.37559633,0.2294037712653482
2013,SEA,71,91,0.438271605,0.305564594,0.389528607,0.5593695366248443
2012,SEA,75,87,0.462962963,0.295601659,0.368947943,0.399151578886582
2011,SEA,67,95,0.413580247,0.292382878,0.348090758,0.4423904729744345
2010,SEA,61,101,0.37654321,0.29796536,0.339434276,0.4528968961801016
2025,SFG,13,5,0.722222222,0.300884955,0.396892655,0.3161667396835375
2024,SFG,80,82,0.49382716,0.305238803,0.395604395,0.4961283939598899
2023,SFG,79,83,0.487654321,0.312047399,0.383407243,0.4736154415947666
2022,SFG,81,81,0.5,0.315333006,0.389651335,0.4279139353498291
2021,SFG,107,55,0.660493827,0.329002923,0.440131819,0.2506872312028085
2020,SFG,29,31,0.483333333,0.334516415,0.450718177,0.6524950477162004
2019,SFG,77,85,0.475308642,0.302147738,0.391647248,0.5771640296551326
2018,SFG,73,89,0.450617284,0.299506578,0.367803645,0.4542477321080802
2017,SFG,64,98,0.395061728,0.308712741,0.380471987,0.6115860674424167
2016,SFG,87,75,0.537037037,0.329477911,0.39802336,0.3786724007221451
2015,SFG,84,78,0.518518519,0.326129666,0.406109613,0.3904553247412263
2014,SFG,88,74,0.543209877,0.310658722,0.388194821,0.324355908062236
2013,SFG,76,86,0.469135802,0.320222877,0.381304034,0.4670591009263205
2012,SFG,94,68,0.580246914,0.327352797,0.39672544,0.3747914576193278
2011,SFG,86,76,0.530864198,0.303035329,0.368209989,0.2388684855848043
2010,SFG,92,70,0.567901235,0.32113419,0.408345481,0.284117487173377
2025,STL,9,9,0.5,0.333333333,0.40625,0.488973521472501
2024,STL,83,79,0.512345679,0.311596583,0.391683312,0.4858805965496109
2023,STL,71,91,0.438271605,0.325844512,0.415789473,0.7075044871950751
2022,STL,93,69,0.574074074,0.325267944,0.420123726,0.4077846444708628
2021,STL,90,72,0.555555556,0.313307601,0.411511866,0.4661002471722493
2020,STL,30,28,0.517241379,0.323030907,0.371004566,0.4443760846992868
2019,STL,91,71,0.561728395,0.322122448,0.414755,0.4158446325985787
2018,STL,88,74,0.543209877,0.320923427,0.409239723,0.4250901415941228
2017,STL,83,79,0.512345679,0.333765392,0.42595978,0.4718278827149766
2016,STL,86,76,0.530864198,0.325303152,0.442501802,0.4895390653343998
2015,STL,100,62,0.617283951,0.321088881,0.394420131,0.16130059952648
2014,STL,90,72,0.555555556,0.320159415,0.369148544,0.3245880954162208
2013,STL,97,65,0.598765432,0.331760494,0.401475616,0.3027679306453962
2012,STL,88,74,0.543209877,0.337541953,0.421024546,0.3840671380208147
2011,STL,90,72,0.555555556,0.340857421,0.424981923,0.4058388191846667
2010,STL,86,76,0.530864198,0.331605378,0.40184049,0.3443057278216834
2025,TBR,8,10,0.444444444,0.329856584,0.411594202,0.3057163555561115
2024,TBR,80,82,0.49382716,0.302403204,0.366116162,0.4039920611223251
2023,TBR,99,63,0.611111111,0.331438778,0.444928325,0.4299594042989585
2022,TBR,86,76,0.530864198,0.3085,0.377124907,0.2976054157420893
2021,TBR,100,62,0.617283951,0.321192586,0.428908661,0.3731753285554118
2020,TBR,40,20,0.666666667,0.327876106,0.424810126,0.3421173412202987
2019,TBR,96,66,0.592592593,0.32531464,0.431236673,0.3738487823613803
2018,TBR,90,72,0.555555556,0.333441453,0.406392694,0.3946468822842499
2017,TBR,80,82,0.49382716,0.31668299,0.42241694,0.4635356526263985
2016,TBR,68,94,0.419753086,0.307117969,0.425652253,0.5240173282065512
2015,TBR,80,82,0.49382716,0.314441506,0.405834092,0.3927167999723391
2014,TBR,77,85,0.475308642,0.317104836,0.366751269,0.3408168390018964
2013,TBR,92,71,0.564417178,0.329044708,0.407728421,0.391949818180888
2012,TBR,90,72,0.555555556,0.316691382,0.394220081,0.2352601979515598
2011,TBR,91,71,0.561728395,0.321831561,0.40231788,0.3476206588033579
2010,TBR,96,66,0.592592593,0.332851405,0.40301526,0.4049566717698152
2025,TEX,11,7,0.611111111,0.275910364,0.372727272,0.3123793440465719
2024,TEX,78,84,0.481481481,0.305440714,0.380116959,0.5755620547900315
2023,TEX,90,72,0.555555556,0.337146488,0.452368185,0.5480969417230475
2022,TEX,68,94,0.419753086,0.300880544,0.39539978,0.5311720807539406
2021,TEX,60,102,0.37037037,0.294415387,0.37520814,0.6986708799431696
2020,TEX,22,38,0.366666667,0.284848484,0.363636363,0.7604817092282334
2019,TEX,78,84,0.481481481,0.319320937,0.430866425,0.7810948964574658
2018,TEX,67,95,0.413580247,0.318270799,0.404181184,0.7339032680812589
2017,TEX,78,84,0.481481481,0.320150968,0.429834254,0.6691374039006897
2016,TEX,95,67,0.586419753,0.321528578,0.433303167,0.5783408794498877
2015,TEX,88,74,0.543209877,0.325195312,0.413355107,0.5408862681785194
2014,TEX,67,95,0.413580247,0.313889353,0.375274725,0.6094650262516306
2013,TEX,91,72,0.558282209,0.323252032,0.411996418,0.3605432001643676
2012,TEX,93,69,0.574074074,0.333603107,0.445974955,0.4731181693016355
2011,TEX,96,66,0.592592593,0.339601414,0.45997526,0.4070865855862609
2010,TEX,90,72,0.555555556,0.338190552,0.418811002,0.4482536303661333
2025,TOR,11,8,0.578947368,0.329987452,0.365439093,0.28366172872149
2024,TOR,74,88,0.456790123,0.313420486,0.389279112,0.5522385057347365
2023,TOR,89,73,0.549382716,0.3286657,0.41657677,0.4064582843166191
2022,TOR,92,70,0.567901235,0.328666775,0.431143114,0.435872495350142
2021,TOR,91,71,0.561728395,0.330472103,0.466033601,0.4405972955744432
2020,TOR,32,28,0.533333333,0.324600355,0.440929312,0.649478026109559
2019,TOR,67,95,0.413580247,0.305020576,0.428181321,0.695903188041354
2018,TOR,73,89,0.450617284,0.311810245,0.427058608,0.7131768269287571
2017,TOR,76,86,0.469135802,0.312224579,0.411893071,0.5894604089297462
2016,TOR,89,73,0.549382716,0.329519819,0.425807629,0.4078320655048522
2015,TOR,93,69,0.574074074,0.339628732,0.457070248,0.4127378383698119
2014,TOR,83,79,0.512345679,0.322570123,0.413768246,0.4687216126645648
2013,TOR,74,88,0.456790123,0.317818063,0.41069171,0.5437219564902578
2012,TOR,73,89,0.450617284,0.309240924,0.406597412,0.6531982675324177
2011,TOR,81,81,0.5,0.316717915,0.412844036,0.5612168989806001
2010,TOR,85,77,0.524691358,0.312138728,0.454231119,0.5335883489750235
2025,WSN,7,11,0.388888889,0.307270233,0.383076923,0.827679829148853
2024,WSN,71,91,0.438271605,0.308766616,0.374767398,0.5537199764439356
2023,WSN,71,91,0.438271605,0.313809602,0.395689967,0.7619691628735794
2022,WSN,55,107,0.339506173,0.310229365,0.377438351,0.7570092631177152
2021,WSN,65,97,0.401234568,0.336736374,0.417084493,0.7042641122995459
2020,WSN,26,34,0.433333333,0.335743334,0.433434959,0.7823445430524842
2019,WSN,93,69,0.574074074,0.341694806,0.454462989,0.5473284433840657
2018,WSN,82,80,0.50617284,0.334880742,0.41852456,0.4788811712604659
2017,WSN,97,65,0.598765432,0.332198995,0.449306681,0.4335327562586983
2016,WSN,95,67,0.586419753,0.32553226,0.425865209,0.3294157359307528
2015,WSN,83,79,0.512345679,0.321016166,0.402542372,0.3579369738340356
2014,WSN,96,66,0.592592593,0.320987654,0.392998917,0.1878228763412427
2013,WSN,86,76,0.530864198,0.312594079,0.397534952,0.3482077259877729
2012,WSN,98,64,0.604938272,0.322152001,0.42760463,0.2775114889276155
2011,WSN,80,81,0.49689441,0.308588548,0.382650248,0.3473831488418402
2010,WSN,69,93,0.425925926,0.318181818,0.390180878,0.5058733373421425
